mypcap,157.240.251.61,5222,10.102.3.68,63033,TCP,1733063208.26297,2,0.0,0.066979,,104,40
mypcap,10.102.3.68,63033,157.240.251.61,5222,TCP,1733063208.270569,1,0.0,,86
mypcap,10.102.3.68,63185,146.112.61.107,8081,TCP,1733063208.753755,1,0.0,,52
mypcap,10.102.3.68,63186,146.112.61.107,8081,TCP,1733063208.753782,1,0.0,,52
mypcap,10.102.3.68,63191,143.244.210.202,443,TCP,1733063209.578368,16,0.0,0.212388,0.21292,0.21292,0.425487,0.640545,0.640684,0.640817,0.640859,0.851379,0.868893,3.736587,3.736674,3.955222,5.86256,6.073678,,52,40,1420,545,771,114,132,440,309,71,40,155,309,40,40,40
mypcap,143.244.210.202,443,10.102.3.68,63191,TCP,1733063209.790695,19,0.0,0.210849,0.210985,0.212301,0.423477,0.427279,0.63879,0.63879,0.63879,0.63879,0.63879,0.640095,0.656438,0.849077,3.734653,3.734653,3.734837,3.742792,5.861286,,52,40,40,139,40,363,40,181,40,40,40,84,478,40,40,40,75,510,40
mypcap,10.102.3.68,63192,208.67.222.222,53,TCP,1733063210.346935,6,0.0,0.053383,0.053636,0.053662,0.108951,0.161508,,52,40,42,72,40,40
mypcap,10.102.3.68,63193,208.67.222.222,53,TCP,1733063210.347513,6,0.0,0.052858,0.052961,0.052999,0.106072,0.158005,,52,40,42,72,40,40
mypcap,208.67.222.222,53,10.102.3.68,63192,TCP,1733063210.400251,5,0.0,0.05313,0.05313,0.055183,0.108125,,52,40,40,90,40
mypcap,208.67.222.222,53,10.102.3.68,63193,TCP,1733063210.400251,5,0.0,0.05313,0.05313,0.05313,0.105127,,52,40,40,74,40
mypcap,10.102.3.68,55337,216.58.204.132,443,UDP,1733063210.456599,66,0.0,7.5e-05,0.000123,0.000343,0.000632,0.000686,0.000844,0.054726,0.070649,0.070918,0.079136,0.122969,0.124588,0.154008,0.157099,0.190846,0.194318,0.196708,0.199647,0.202676,0.204869,0.206979,0.209208,0.211855,0.216114,0.218672,0.22096,0.225737,0.227385,0.229486,4.0366,4.136749,4.164999,4.167142,4.188176,4.210153,4.239448,4.317669,4.317759,4.317849,4.320192,4.320312,4.320386,4.322073,4.324246,4.326315,4.327799,4.32787,4.330837,4.332973,4.333868,4.335364,4.337304,4.340013,4.340126,9.941819,10.035818,10.063891,10.069754,10.087112,10.107948,10.152564,10.226161,10.232418,10.241076,10.256122,,1278,1278,1278,110,1274,1035,128,146,106,59,119,59,63,63,59,63,59,59,59,59,59,59,59,59,59,59,63,59,59,59,332,93,63,59,94,93,63,64,60,64,60,60,60,60,60,60,60,60,60,60,60,60,60,60,60,334,93,64,60,94,93,65,64,60,60,65
mypcap,216.58.204.132,443,10.102.3.68,55337,UDP,1733063210.509845,143,0.0,0.0,0.0,0.0,0.016191,0.016191,0.017311,0.017311,0.053815,0.069523,0.069862,0.070945,0.078444,0.100446,0.100446,0.102435,0.103622,0.123921,0.135552,0.13742,0.13742,0.140861,0.140861,0.143137,0.143137,0.146117,0.146117,0.149184,0.149184,0.151315,0.151315,0.153483,0.154482,0.155865,0.158432,0.158432,0.162703,0.162703,0.16509,0.16509,0.167438,0.167438,0.167438,0.172217,0.172217,0.172217,0.173987,0.173987,0.176076,0.214282,0.244075,4.060865,4.111382,4.111382,4.113599,4.113599,4.160766,4.185877,4.185877,4.209614,4.264048,4.264048,4.264048,4.264048,4.264365,4.264365,4.264365,4.264365,4.26677,4.26677,4.26677,4.26677,4.267057,4.268543,4.268543,4.270734,4.270734,4.272858,4.272858,4.274331,4.274331,4.274331,4.274331,4.277386,4.277386,4.279526,4.279526,4.279851,4.280443,4.281573,4.28194,4.283819,4.283819,4.286453,4.286453,4.286453,4.286453,4.316893,9.96591,10.010349,10.010349,10.014031,10.016267,10.067018,10.084777,10.084777,10.107381,10.169884,10.169884,10.169884,10.169884,10.169884,10.17193,10.17193,10.17193,10.172712,10.172712,10.172712,10.172712,10.17418,10.17418,10.176294,10.176294,10.177939,10.177939,10.178974,10.178974,10.180413,10.180413,10.182447,10.182447,10.185102,10.185102,10.185102,10.185102,10.187592,10.187592,10.187592,10.187743,10.190825,10.190825,10.251275,10.279787,,68,68,1278,1278,1278,335,970,53,56,148,863,298,53,1274,286,53,249,53,1274,1278,1278,1278,1278,1278,1278,1278,1278,1278,1278,1278,1278,1278,1278,1278,1278,1278,1278,1278,1278,1278,1278,1278,269,1278,1278,1278,1278,1278,440,51,52,53,1274,143,54,204,53,310,294,52,53,1274,1278,1278,303,186,288,140,1273,1278,1278,1278,1278,1278,1278,1278,1278,1278,1278,1278,1278,1278,1278,1278,1278,1278,1278,1278,1278,1278,1278,1278,1278,1278,1278,1278,379,52,53,1274,140,54,52,53,333,231,52,1274,1278,1278,312,186,1273,1278,1278,1278,1278,1278,1278,1278,1278,1278,1278,1278,1278,1278,1278,1278,1278,1278,1278,1278,1278,1278,1278,1278,1278,1278,1278,1278,916,54,54
mypcap,10.102.3.68,51370,216.58.209.46,443,UDP,1733063210.583746,26,0.0,8e-05,0.079921,0.093937,2.935489,2.935585,3.020396,3.049014,4.283378,4.28347,4.36364,4.392734,5.315802,5.315896,5.396256,5.421462,10.180436,10.180552,10.180604,10.258842,10.288275,14.233895,14.23396,14.233996,14.312919,14.352776,,1274,93,60,63,1274,1228,60,63,1274,229,60,63,1274,930,60,63,1274,1278,179,60,63,1274,1278,265,59,63
mypcap,216.58.209.46,443,10.102.3.68,51370,UDP,1733063210.637647,26,0.0,0.037521,0.039636,0.117799,2.934423,2.994744,2.994744,3.07245,4.282251,4.338447,4.338447,4.416102,5.314188,5.367169,5.367169,5.444804,10.178743,10.203637,10.234055,10.234055,10.312028,14.233058,14.25877,14.298524,14.298524,14.394973,,55,417,133,52,55,667,128,52,55,506,107,52,55,606,312,52,55,52,702,253,52,55,52,793,285,52
mypcap,10.102.3.68,63194,208.67.222.222,53,TCP,1733063211.819356,6,0.0,0.052842,0.052924,0.052976,0.105547,0.156998,,52,40,42,75,40,40
mypcap,10.102.3.68,63195,208.67.222.222,53,TCP,1733063211.819678,6,0.0,0.052586,0.052738,0.052775,0.105562,0.157732,,52,40,42,75,40,40
mypcap,10.102.3.68,54477,216.58.205.42,443,UDP,1733063211.823412,9,0.0,0.000128,0.000198,0.000471,0.072226,0.072656,0.073423,0.126154,0.163003,,1278,1278,1278,106,106,59,639,60,63
mypcap,10.102.3.68,56914,216.58.204.238,443,UDP,1733063211.836232,11,0.0,0.000153,0.000428,0.071119,0.071315,0.07165,0.124049,0.166071,11.113843,11.203013,11.228778,,1278,1278,109,106,59,1006,60,63,291,63,60
mypcap,10.102.3.68,63196,208.67.222.222,53,TCP,1733063211.860695,6,0.0,0.052938,0.053122,0.053153,0.106188,0.158212,,52,40,42,72,40,40
mypcap,10.102.3.68,63197,208.67.222.222,53,TCP,1733063211.860962,6,0.0,0.052739,0.052758,0.052797,0.104656,0.156848,,52,40,42,72,40,40
mypcap,208.67.222.222,53,10.102.3.68,63194,TCP,1733063211.872092,5,0.0,0.052596,0.052665,0.052665,0.104222,,52,40,40,93,40
mypcap,208.67.222.222,53,10.102.3.68,63195,TCP,1733063211.872092,5,0.0,0.052596,0.052665,0.052665,0.105298,,52,40,40,77,40
mypcap,216.58.205.42,443,10.102.3.68,54477,UDP,1733063211.877221,14,0.0,0.0,0.0,0.0,0.017315,0.017315,0.017315,0.017315,0.024307,0.069919,0.072111,0.108871,0.108871,0.188214,,68,68,1278,1278,1278,337,969,94,52,148,57,698,192,52
mypcap,216.58.204.238,443,10.102.3.68,56914,UDP,1733063211.88974,16,0.0,0.000127,0.016794,0.016794,0.016794,0.016794,0.025145,0.070308,0.070308,0.112251,0.112251,0.190101,11.138458,11.149185,11.149185,11.227122,,68,1278,1278,335,971,68,52,148,57,254,50,52,56,121,49,51
mypcap,208.67.222.222,53,10.102.3.68,63196,TCP,1733063211.913537,5,0.0,0.052098,0.052941,0.052941,0.105349,,52,40,40,110,40
mypcap,208.67.222.222,53,10.102.3.68,63197,TCP,1733063211.913537,5,0.0,0.051905,0.051905,0.051905,0.104234,,52,40,40,74,40
mypcap,10.102.3.68,63198,34.96.118.58,443,TCP,1733063211.925587,39,0.0,0.053314,0.05371,0.05371,0.108242,0.109289,0.112836,0.113203,0.113354,0.165387,0.165646,0.348879,0.350305,0.350882,0.403518,0.408413,0.410763,0.459304,0.469692,0.518852,0.534199,0.635516,0.695198,0.697271,0.699266,0.702734,0.70511,0.707235,0.710419,0.712507,0.715702,0.717799,0.721055,0.72295,0.72379,0.758987,0.813103,3.515072,3.567231,,52,40,1420,451,40,40,104,132,1410,40,71,40,40,79,285,169,227,79,277,318,79,40,40,40,40,40,40,40,40,40,40,40,40,40,79,292,79,40,40
mypcap,10.102.3.68,63199,34.96.118.58,443,TCP,1733063211.925993,8,0.0,0.052981,0.053651,0.053651,0.110322,0.112606,0.112701,0.165239,,52,40,1420,419,40,104,40,40
mypcap,10.102.3.68,63200,208.67.222.222,53,TCP,1733063211.934857,5,0.0,0.053655,0.053692,0.1065,0.158521,,52,42,86,40,40
mypcap,10.102.3.68,63201,208.67.222.222,53,TCP,1733063211.935063,6,0.0,0.053387,0.05354,0.053567,0.10661,0.159687,,52,40,42,86,40,40
mypcap,10.102.3.68,53809,216.58.204.142,443,UDP,1733063211.96742,20,0.0,6.2e-05,0.000457,0.001029,0.00111,0.069614,0.069735,0.098241,0.101394,0.101472,0.103217,0.153282,2.84799,2.931645,2.931907,2.93267,8.746277,8.829839,8.830062,8.831343,,1278,1278,103,1274,997,106,59,60,63,59,63,59,345,59,63,63,338,59,63,69
mypcap,34.96.118.58,443,10.102.3.68,63198,TCP,1733063211.978798,58,0.0,0.052865,0.052865,0.054963,0.054963,0.056005,0.056005,0.112116,0.112116,0.117009,0.163767,0.295625,0.295625,0.295625,0.295625,0.295625,0.297034,0.297034,0.349157,0.402418,0.405803,0.408779,0.411582,0.462881,0.48054,0.48054,0.522036,0.523356,0.537535,0.641929,0.641929,0.642177,0.643994,0.643994,0.64603,0.64603,0.649458,0.649458,0.651844,0.651844,0.653997,0.653997,0.657172,0.657172,0.659268,0.659268,0.662463,0.662463,0.664563,0.664563,0.667798,0.667798,0.669714,0.722086,0.757463,0.759553,0.8159,3.513945,,52,40,40,1420,1420,1420,531,626,71,40,40,268,1420,1420,1420,1420,200,79,40,40,167,40,121,40,40,140,40,121,40,183,1420,1111,1420,1420,1420,1420,1420,1420,1420,1420,1420,1420,1420,1420,1420,1420,1420,1420,1420,1420,1420,1420,1161,40,40,138,40,40
mypcap,34.96.118.58,443,10.102.3.68,63199,TCP,1733063211.978798,10,0.0,0.054221,0.054221,0.057484,0.057484,0.057484,0.057484,0.057484,0.112401,0.113658,,52,40,40,1420,708,1420,708,575,658,40
mypcap,208.67.222.222,53,10.102.3.68,63201,TCP,1733063211.98837,5,0.0,0.052789,0.052789,0.052789,0.106346,,52,40,40,88,40
mypcap,208.67.222.222,53,10.102.3.68,63200,TCP,1733063211.98837,5,0.0,0.052789,0.052789,0.052789,0.104966,,52,40,40,104,40
mypcap,216.58.204.142,443,10.102.3.68,53809,UDP,1733063212.019926,25,0.0,0.0,0.016602,0.016602,0.016996,0.016996,0.019826,0.048538,0.048538,0.048538,0.048538,0.068738,0.100485,0.127442,2.873863,2.878899,2.878899,2.878899,2.932152,8.770746,8.777129,8.777129,8.777129,8.777129,8.830321,,68,1278,1278,330,970,53,50,1274,1274,861,51,148,53,54,56,1278,1274,764,51,56,1278,1274,769,50,51
mypcap,10.102.3.68,51592,142.251.209.10,443,UDP,1733063212.042136,16,0.0,4.7e-05,8.6e-05,0.000299,0.070553,0.070731,0.071118,0.071161,0.124222,0.150548,2.829571,2.914806,2.942802,8.715715,8.798626,8.830088,,1278,1278,1278,108,106,59,1274,1261,59,63,511,63,60,515,63,60
mypcap,10.102.3.68,63202,208.67.222.222,53,TCP,1733063212.072629,6,0.0,0.052099,0.052321,0.052366,0.106785,0.158952,,52,40,42,83,40,40
mypcap,10.102.3.68,63203,208.67.222.222,53,TCP,1733063212.072803,6,0.0,0.052147,0.052295,0.052339,0.10572,0.158715,,52,40,42,83,40,40
mypcap,142.251.209.10,443,10.102.3.68,51592,UDP,1733063212.094377,23,0.0,0.0,0.000339,0.001185,0.017433,0.017433,0.017433,0.017433,0.026034,0.071104,0.071104,0.071727,0.09792,0.09792,0.175699,2.855964,2.862218,2.862218,2.938755,8.74204,8.745984,8.745984,8.822993,,68,68,1278,1278,1278,324,982,67,52,148,53,57,865,266,52,56,617,167,52,56,616,291,52
mypcap,208.67.222.222,53,10.102.3.68,63202,TCP,1733063212.124658,5,0.0,0.053433,0.053433,0.054324,0.106813,,52,40,40,130,40
mypcap,208.67.222.222,53,10.102.3.68,63203,TCP,1733063212.124887,5,0.0,0.053204,0.053204,0.053204,0.106584,,52,40,40,85,40
mypcap,10.102.3.68,58057,216.58.205.33,443,UDP,1733063212.179951,16,0.0,6.4e-05,0.000305,0.000637,0.000683,0.069978,0.070091,0.072075,0.124262,2.723622,2.72377,2.80487,2.832644,8.621202,8.621306,8.706989,,1278,1278,109,1274,621,106,59,59,63,1278,154,63,60,1278,152,63
mypcap,216.58.205.33,443,10.102.3.68,58057,UDP,1733063212.232963,19,0.0,0.0,0.01639,0.01639,0.01639,0.017915,0.017915,0.018798,0.045378,0.071023,0.123407,2.722524,2.747408,2.751585,2.751585,2.828579,8.621538,8.653623,8.731296,,68,1278,1278,328,978,65,52,50,532,148,53,53,58,359,50,52,55,359,52
mypcap,10.102.3.68,63204,208.67.222.222,53,TCP,1733063212.327907,1,0.0,,52
mypcap,10.102.3.68,63205,208.67.222.222,53,TCP,1733063212.328108,6,0.0,0.053175,0.053367,0.053406,0.107281,0.162347,,52,40,42,73,40,40
mypcap,10.102.3.68,63206,208.67.222.222,53,TCP,1733063212.335596,6,0.0,0.053885,0.054202,0.05423,0.107571,0.160101,,52,40,42,72,40,40
mypcap,10.102.3.68,63207,208.67.222.222,53,TCP,1733063212.335856,6,0.0,0.053693,0.053871,0.053899,0.107757,0.159945,,52,40,42,72,40,40
mypcap,10.102.3.68,63208,208.67.222.222,53,TCP,1733063212.336792,6,0.0,0.052781,0.052829,0.052869,0.106559,0.158979,,52,40,42,73,40,40
mypcap,10.102.3.68,63209,208.67.222.222,53,TCP,1733063212.337001,6,0.0,0.053429,0.053658,0.053693,0.10684,0.158826,,52,40,42,73,40,40
mypcap,208.67.222.222,53,10.102.3.68,63205,TCP,1733063212.381216,5,0.0,0.05391,0.05391,0.05391,0.109198,,52,40,40,75,40
mypcap,208.67.222.222,53,10.102.3.68,63206,TCP,1733063212.389368,5,0.0,0.05355,0.05355,0.05355,0.106275,,52,40,40,90,40
mypcap,208.67.222.222,53,10.102.3.68,63207,TCP,1733063212.389368,5,0.0,0.05355,0.05355,0.05355,0.106275,,52,40,40,74,40
mypcap,208.67.222.222,53,10.102.3.68,63208,TCP,1733063212.389368,5,0.0,0.052311,0.05355,0.05355,0.106275,,52,40,40,91,40
mypcap,208.67.222.222,53,10.102.3.68,63209,TCP,1733063212.39038,5,0.0,0.052538,0.052538,0.052538,0.105263,,52,40,40,75,40
mypcap,10.102.3.68,63210,208.67.220.220,53,TCP,1733063212.444054,6,0.0,0.052409,0.052945,0.052981,0.106084,0.158399,,52,40,42,73,40,40
mypcap,10.102.3.68,63211,216.58.204.132,443,TCP,1733063212.444235,14,0.0,0.052284,0.05262,0.05262,0.123463,0.125274,0.125436,0.125579,0.178774,0.205474,0.205763,0.208298,2.996557,3.048565,,52,40,1420,384,40,114,132,1416,71,40,40,79,40,40
mypcap,208.67.220.220,53,10.102.3.68,63210,TCP,1733063212.49639,5,0.0,0.053165,0.053208,0.053208,0.106025,,52,40,40,91,40
mypcap,216.58.204.132,443,10.102.3.68,63211,TCP,1733063212.49639,18,0.0,0.053208,0.053208,0.071258,0.071258,0.071258,0.071258,0.124916,0.126402,0.127157,0.153263,0.153263,0.153263,0.153578,0.153578,0.184181,0.207724,2.996353,,52,40,40,1420,1420,1420,1252,40,998,71,531,1150,142,71,79,40,40,40
mypcap,10.102.3.68,56413,142.250.180.142,443,UDP,1733063212.550775,18,0.0,6.3e-05,0.000263,0.070838,0.070952,0.071486,0.071541,0.07157,0.124588,0.152209,3.115238,3.115383,3.196992,3.223326,9.202938,9.203028,9.285346,9.286463,,1278,1278,109,106,59,1274,1274,1276,59,63,1274,574,63,60,1274,752,60,63
mypcap,142.250.180.142,443,10.102.3.68,56413,UDP,1733063212.603677,21,0.0,0.0,0.01705,0.01705,0.01705,0.024741,0.070063,0.07144,0.07144,0.07144,0.098919,0.098919,0.176064,3.116152,3.143836,3.145091,3.221838,9.206495,9.23324,9.233487,9.310628,,68,1278,1278,339,658,53,148,53,57,53,874,271,52,55,701,221,52,55,699,271,52
mypcap,10.102.3.68,63212,208.67.222.222,53,TCP,1733063212.664329,6,0.0,0.052229,0.052454,0.052514,0.106266,0.15832,,52,40,42,73,40,40
mypcap,10.102.3.68,63213,208.67.222.222,53,TCP,1733063212.664744,6,0.0,0.053009,0.053233,0.053292,0.105619,0.157964,,52,40,42,73,40,40
mypcap,10.102.3.68,63214,208.67.222.222,53,TCP,1733063212.667434,6,0.0,0.052986,0.053203,0.053261,0.105997,0.159518,,52,40,42,82,40,40
mypcap,10.102.3.68,63215,208.67.222.222,53,TCP,1733063212.667639,1,0.0,,52
mypcap,208.67.222.222,53,10.102.3.68,63212,TCP,1733063212.716492,5,0.0,0.053638,0.053638,0.053638,0.106109,,52,40,40,91,40
mypcap,208.67.222.222,53,10.102.3.68,63213,TCP,1733063212.717687,5,0.0,0.052443,0.052443,0.052443,0.104914,,52,40,40,75,40
mypcap,208.67.222.222,53,10.102.3.68,63214,TCP,1733063212.720357,5,0.0,0.052884,0.052884,0.052884,0.106556,,52,40,40,100,40
mypcap,10.102.3.68,63216,216.58.204.131,443,TCP,1733063212.77086,92,0.0,0.051895,0.052275,0.052275,0.121257,0.122052,0.122212,0.122334,0.174369,0.175012,0.176116,0.176496,0.179181,0.181541,0.185031,0.187267,0.189681,0.191594,0.19496,0.227205,0.227694,0.230647,0.233284,0.235295,0.237708,0.241955,0.243931,0.246145,0.248736,0.250941,0.254122,0.256328,0.258727,0.261179,0.264054,0.267438,0.26944,0.27185,0.274112,0.278924,0.280476,0.284817,0.284867,0.286392,0.287335,0.289599,0.291762,0.29255,0.294788,0.297117,0.298519,0.301305,0.302396,0.305602,0.308828,0.310964,0.313351,0.316481,0.320971,0.321537,0.324122,0.32621,0.331733,0.333096,0.337967,0.338273,0.34013,0.341219,0.345614,0.346464,0.348649,0.35079,0.354009,0.354534,0.358391,0.358988,0.359639,0.360439,0.360984,0.362881,0.363456,0.364627,0.36523,0.365884,0.366845,0.367399,0.368269,0.369232,0.369781,0.369984,2.670147,2.721972,,52,40,1420,449,40,114,132,554,40,71,40,40,40,40,40,40,40,40,40,40,40,40,40,40,40,40,40,40,40,40,40,40,40,40,40,40,40,40,40,40,40,40,40,40,40,40,40,40,40,40,40,40,40,40,40,40,40,40,40,40,40,40,40,40,40,40,40,40,40,40,40,40,40,40,40,40,40,40,40,40,40,40,40,40,40,40,40,40,40,79,40,40
mypcap,10.102.3.68,63217,208.67.220.220,53,TCP,1733063212.780223,1,0.0,,52
mypcap,10.102.3.68,63218,208.67.222.222,53,TCP,1733063212.78629,6,0.0,0.060325,0.060517,0.060542,0.112919,0.16598,,52,40,42,89,40,40
mypcap,10.102.3.68,63219,208.67.222.222,53,TCP,1733063212.78648,6,0.0,0.060215,0.060227,0.06027,0.113013,0.165731,,52,40,42,89,40,40
mypcap,10.102.3.68,52742,142.250.180.168,443,UDP,1733063212.806928,63,0.0,8.6e-05,0.055226,0.070298,0.083731,0.107759,0.107961,0.160363,0.18549,0.188885,0.191467,0.194739,0.197427,0.199442,0.202388,0.206119,0.209692,0.211078,0.213753,0.216074,0.219347,0.222883,0.224793,0.228694,0.231615,0.234012,0.236323,0.240215,0.242767,0.246371,0.248947,0.25071,0.253677,0.256,0.25792,0.262667,0.263147,0.265914,0.268586,0.289355,0.376977,0.377076,0.37713,0.377182,0.377245,0.377297,0.377352,0.377612,0.377681,0.379735,0.379863,0.380493,0.380567,0.382904,0.382989,0.385937,0.392381,0.397576,0.403097,0.410198,0.430504,0.434303,0.450298,,1278,1278,1278,67,68,193,471,59,63,59,59,59,59,59,59,59,59,59,59,59,59,59,59,59,59,59,59,59,64,59,59,59,59,59,60,60,60,60,60,142,64,60,60,60,60,60,60,60,60,60,60,60,60,60,60,60,60,60,60,61,66,61,62
mypcap,216.58.204.131,443,10.102.3.68,63216,TCP,1733063212.822601,177,0.0,0.052825,0.052825,0.069445,0.069445,0.069445,0.069445,0.122473,0.122473,0.124323,0.124323,0.124323,0.124713,0.124713,0.127395,0.127395,0.129761,0.129761,0.133245,0.133245,0.135481,0.135481,0.137891,0.137891,0.139801,0.139801,0.143176,0.175398,0.175398,0.175894,0.175894,0.178811,0.178811,0.18148,0.18148,0.183516,0.183516,0.185922,0.185922,0.190171,0.190171,0.192158,0.192158,0.194362,0.194362,0.196947,0.196947,0.199163,0.199163,0.202346,0.202346,0.204555,0.204555,0.206932,0.206932,0.209404,0.209404,0.212278,0.212278,0.215648,0.215648,0.217656,0.217656,0.22005,0.22005,0.222322,0.222322,0.227157,0.227157,0.228704,0.228704,0.233036,0.233036,0.233036,0.233036,0.234617,0.234617,0.235572,0.235572,0.23781,0.23781,0.239962,0.239962,0.240765,0.240765,0.243017,0.243017,0.245351,0.245351,0.246735,0.246735,0.249539,0.249539,0.25063,0.25063,0.253831,0.253831,0.257042,0.257042,0.259188,0.259188,0.261573,0.261573,0.264707,0.264707,0.269187,0.269187,0.269754,0.269754,0.272322,0.272322,0.274431,0.274431,0.279942,0.279942,0.281303,0.281303,0.286164,0.286164,0.286164,0.286164,0.286164,0.286498,0.288352,0.288352,0.289445,0.289445,0.293803,0.293803,0.293803,0.293803,0.294696,0.294696,0.296885,0.296885,0.298998,0.298998,0.302205,0.302205,0.302767,0.302767,0.305387,0.306606,0.306606,0.306606,0.30722,0.30722,0.307874,0.307874,0.308664,0.308664,0.309211,0.309211,0.311107,0.311107,0.311107,0.311107,0.311689,0.311689,0.312855,0.312855,0.313466,0.313466,0.314113,0.314113,0.315071,0.315071,0.315631,0.315631,0.316495,0.316495,0.317455,0.317455,0.318018,0.318018,0.374034,2.670142,,52,40,40,1420,1420,1420,1287,1000,71,593,1420,1420,1420,1420,1420,1420,1420,1420,1420,1420,1420,1420,1420,1420,1420,1420,1420,1420,1420,1420,1420,1420,1420,1420,1420,1420,1420,1420,1420,1420,1420,1420,1420,1420,1420,1420,1420,1420,1420,1420,1420,1420,1420,1420,1420,1420,1420,1420,1420,1420,1420,1420,1420,1420,1420,1420,1420,1420,1420,1420,1420,1420,1420,1420,1420,1420,1420,1420,1420,1420,1420,1420,1420,1420,1420,1420,1420,1420,1420,1420,1420,1420,1420,1420,1420,1420,1420,1420,1420,1420,1420,1420,1420,1420,1420,1420,1420,1420,1420,1420,1420,1420,1420,1420,1420,1420,1420,1420,1420,1420,1420,1420,1420,1420,1420,1420,1420,1420,1420,1420,1420,1420,1420,1420,1420,1420,1420,1420,1420,1420,1420,1420,1420,1420,1420,1420,1420,1420,1420,1420,1420,1420,1420,1420,1420,1420,1420,1420,1420,1420,1420,1420,1420,1420,1420,1420,1420,1420,1420,1420,1420,1420,1420,1420,1095,40,40
mypcap,208.67.220.220,53,10.102.3.68,63217,TCP,1733063212.832645,4,0.0,1.007199,3.022747,7.278732,,52,52,52,52
mypcap,208.67.222.222,53,10.102.3.68,63218,TCP,1733063212.84653,5,0.0,0.052503,0.052503,0.052503,0.10564,,52,40,40,203,40
mypcap,208.67.222.222,53,10.102.3.68,63219,TCP,1733063212.84653,5,0.0,0.052503,0.052503,0.052503,0.10564,,52,40,40,91,40
mypcap,142.250.180.168,443,10.102.3.68,52742,UDP,1733063212.861203,166,0.0,0.0,0.0,0.0,0.015736,0.015736,0.015736,0.052742,0.105748,0.105748,0.105748,0.130929,0.131967,0.134354,0.134354,0.136796,0.137664,0.140209,0.142878,0.142878,0.143533,0.144914,0.14677,0.147903,0.148962,0.151569,0.151904,0.155202,0.155202,0.156588,0.158345,0.15928,0.161581,0.161581,0.164841,0.164841,0.1663,0.16833,0.170299,0.170299,0.172333,0.174203,0.174203,0.177046,0.179521,0.179521,0.181448,0.181812,0.183219,0.185642,0.185967,0.188314,0.190102,0.191965,0.194434,0.194434,0.196015,0.196337,0.199208,0.199208,0.20136,0.20136,0.203062,0.203431,0.206823,0.208133,0.208692,0.208692,0.211484,0.211484,0.214155,0.214155,0.215458,0.266393,0.312897,0.322386,0.322386,0.322386,0.322386,0.322386,0.322386,0.322386,0.322386,0.322386,0.322386,0.322386,0.322386,0.322386,0.323169,0.323169,0.323169,0.323169,0.325195,0.325195,0.325195,0.325195,0.32604,0.32604,0.32604,0.32604,0.328372,0.328372,0.328372,0.328372,0.331441,0.331441,0.331441,0.33289,0.33289,0.33289,0.333731,0.333731,0.333731,0.333731,0.335233,0.337947,0.339367,0.339367,0.339367,0.340712,0.340712,0.340712,0.340979,0.343083,0.343083,0.343083,0.343083,0.34539,0.34539,0.34539,0.34539,0.347783,0.347783,0.347783,0.347783,0.348615,0.348615,0.348615,0.348615,0.350689,0.350689,0.350689,0.355655,0.355655,0.355655,0.355655,0.357825,0.357825,0.357825,0.357825,0.358388,0.35875,0.376007,0.376007,0.376007,0.376499,0.376499,0.378571,0.378571,0.378571,0.378571,0.379796,0.379796,0.379796,0.379796,0.453919,,68,1278,1278,1278,1278,1278,1278,228,990,149,55,1274,1278,1278,1278,1278,1278,1278,1278,1278,1278,1278,1278,1278,1278,1278,1278,1278,1278,1278,1278,1278,1278,1278,1278,1278,1278,1278,1278,1278,1278,1278,1278,1278,1278,1278,1278,1278,1278,1278,1278,1278,1278,1278,1278,1278,1278,1278,1278,1278,1278,1278,1278,1278,1278,1278,1278,1278,1278,1278,1278,1278,276,53,57,1274,1278,1278,1278,1278,1278,1278,1278,1278,1278,1278,1278,352,1273,1278,1278,1278,1278,1278,1278,1278,1278,1278,1278,1278,1278,1278,1278,1278,1278,1278,1278,1278,1278,1278,1278,1278,1278,1278,982,1271,1278,1278,1278,1278,1278,1278,1278,1278,1278,1278,1278,1278,1278,1278,1278,1278,1278,1278,1278,1278,1278,1278,1278,1278,1278,974,1271,1278,1278,1278,1278,1278,1278,1278,1278,1278,1278,1278,1278,1278,1278,1278,1278,1278,1278,1278,1278,1278,457,54
mypcap,10.102.3.68,63220,142.250.180.168,443,TCP,1733063212.892213,9,0.0,0.052955,0.053574,0.053574,0.123612,0.124245,0.227474,2.548217,2.5996,,52,40,1420,490,40,114,40,40,40
mypcap,10.102.3.68,55412,216.58.204.138,443,UDP,1733063212.899941,7,0.0,6.2e-05,0.169736,0.512555,1.19555,2.547818,4.001814,,1278,1278,1278,1278,1278,1278,1278
mypcap,142.250.180.168,443,10.102.3.68,63220,TCP,1733063212.945074,10,0.0,0.053421,0.053793,0.070707,0.070707,0.070707,0.070707,0.070707,0.124262,2.546702,,52,40,40,1420,1420,1420,1420,496,1018,40
mypcap,10.102.3.68,63221,216.58.204.138,443,TCP,1733063212.991448,14,0.0,0.053036,0.053717,0.053717,0.125072,0.125656,0.125864,0.126038,0.177595,0.177661,0.207384,0.207637,2.449412,2.501317,,52,40,1420,401,40,114,132,594,40,71,40,79,40,40
mypcap,216.58.204.138,443,10.102.3.68,63221,TCP,1733063213.044422,16,0.0,0.052816,0.053512,0.071982,0.071982,0.071982,0.071982,0.071982,0.12444,0.124592,0.15437,0.15437,0.15437,0.180749,0.206546,2.448321,,52,40,40,1420,1420,1420,1420,282,1032,71,333,116,79,40,40,40
mypcap,10.102.3.68,63222,208.67.222.222,53,TCP,1733063213.175202,6,0.0,0.052225,0.052298,0.052337,0.105321,0.157174,,52,40,42,72,40,40
mypcap,10.102.3.68,63223,208.67.222.222,53,TCP,1733063213.175599,6,0.0,0.051782,0.051992,0.052014,0.104522,0.156717,,52,40,42,72,40,40
mypcap,208.67.222.222,53,10.102.3.68,63223,TCP,1733063213.227317,5,0.0,0.052501,0.052501,0.052501,0.104956,,52,40,40,74,40
mypcap,208.67.222.222,53,10.102.3.68,63222,TCP,1733063213.227317,5,0.0,0.052501,0.052501,0.052501,0.104956,,52,40,40,90,40
mypcap,10.102.3.68,63224,208.67.222.222,53,TCP,1733063215.184106,6,0.0,0.052179,0.052453,0.05249,0.104475,0.156832,,52,40,42,73,40,40
mypcap,10.102.3.68,63225,208.67.222.222,53,TCP,1733063215.1844,6,0.0,0.051941,0.052025,0.052077,0.104472,0.156597,,52,40,42,73,40,40
mypcap,208.67.222.222,53,10.102.3.68,63224,TCP,1733063215.236213,5,0.0,0.051983,0.051983,0.052171,0.104683,,52,40,40,237,40
mypcap,208.67.222.222,53,10.102.3.68,63225,TCP,1733063215.236213,5,0.0,0.051983,0.052171,0.052171,0.104683,,52,40,40,75,40
mypcap,10.102.3.68,49712,142.250.180.142,443,UDP,1733063215.289383,90,0.0,9.3e-05,0.000278,0.000561,0.000626,0.000658,0.070372,0.071753,0.12349,0.161505,0.161598,0.189724,0.199435,0.199509,0.20255,0.204905,0.208194,0.212334,0.213204,0.217527,0.218765,0.223191,0.225507,0.228914,0.230915,0.258588,1.572041,1.582938,1.583051,1.58312,1.583183,1.583244,1.583304,1.585876,1.587537,1.591051,1.591178,1.592985,1.595242,1.597441,1.598737,1.600678,1.602901,1.604021,1.607289,1.608344,1.612217,1.612293,1.615671,1.61576,1.619015,1.619136,1.621061,1.623745,1.624103,1.627748,1.628466,1.631014,1.639875,1.651359,1.659515,1.669046,1.690118,2.285038,2.287539,2.288568,2.289446,2.356238,2.391308,2.411304,2.436217,2.485508,2.682161,2.68232,2.682369,2.68242,2.753134,2.843799,3.401726,3.401835,3.401875,3.401904,3.401937,3.42705,3.472011,3.495054,3.526256,4.513805,4.606937,4.639066,,1278,1278,106,1274,1278,359,106,59,59,63,59,60,59,59,59,59,59,59,59,59,59,59,59,59,59,60,60,59,59,64,59,59,59,59,59,59,59,60,60,60,60,60,60,61,61,61,61,61,61,66,61,61,61,61,61,61,61,61,61,61,61,60,61,477,158,157,161,61,65,77,61,61,854,1273,1278,432,61,65,1272,1278,1278,1278,877,776,61,65,65,438,61,65
mypcap,142.250.180.142,443,10.102.3.68,49712,UDP,1733063215.342393,185,0.0,0.0,0.016737,0.016737,0.018433,0.018433,0.069018,0.070263,0.108116,0.108116,0.108116,0.108116,0.108116,0.142669,0.146191,0.146191,0.146191,0.148262,0.149383,0.151682,0.151682,0.154829,0.154829,0.156809,0.159142,0.159142,0.160011,0.162218,0.164321,0.165573,0.165573,0.167528,0.169922,0.172239,0.172239,0.173172,0.175697,0.175697,0.177703,0.179834,1.489769,1.529595,1.529595,1.529595,1.529595,1.529595,1.529595,1.529595,1.529595,1.529595,1.529595,1.529977,1.529977,1.532561,1.532561,1.53426,1.53426,1.53777,1.53777,1.53777,1.53777,1.5395,1.539773,1.541997,1.541997,1.544199,1.544199,1.5455,1.5455,1.547455,1.547455,1.549651,1.549651,1.5508,1.5508,1.554014,1.554014,1.554273,1.555119,1.558959,1.558959,1.558959,1.558959,1.562393,1.562393,1.562393,1.562393,1.565744,1.565744,1.565744,1.565744,1.567745,1.567745,1.570464,1.570464,1.570932,1.570932,1.574407,1.574407,1.575179,1.575179,1.577672,1.577672,1.580046,1.580046,1.581092,1.581092,1.581577,1.581577,1.585295,1.585295,1.586492,1.586492,1.590889,1.590889,1.590889,1.590889,1.59212,1.59212,1.594142,1.594142,1.598135,1.598135,1.598135,1.598135,1.600534,1.600534,1.603144,1.603144,1.603144,1.603144,1.606262,1.606262,1.606262,1.606262,1.609139,1.609139,1.611258,1.611258,1.615788,1.615788,1.615788,1.615788,1.622971,1.622971,1.622971,2.287143,2.29095,2.320383,2.320383,2.353877,2.353877,2.357611,2.357611,2.357815,2.358907,2.410416,2.681578,2.681578,2.776375,2.776375,2.776375,2.776375,2.776375,2.776375,2.776375,2.776375,2.867798,3.402496,3.402496,3.426735,3.433082,3.433082,3.456691,3.456691,3.51936,3.549454,4.537785,4.571949,4.571949,4.571949,4.571949,4.5721,4.572626,4.663242,,68,1278,1278,328,972,53,148,50,1274,1274,1278,1278,270,1273,1278,1278,1278,1278,1278,1278,1278,1278,1278,1278,1278,1278,1278,1278,1278,1278,1278,1278,1278,1278,1278,1278,1278,1278,1278,1076,99,1271,1278,1278,1278,1278,1278,1278,1278,1278,533,1271,1278,1278,1278,1278,1278,1278,1278,1278,1278,1278,1278,1278,1278,1278,1278,1278,1278,1278,1278,1278,1278,1278,1278,1278,1278,1278,1278,1278,1278,1278,1278,1278,1278,1278,1278,1278,1278,1278,1278,1278,1278,1278,1278,1278,1278,1278,1278,1278,1278,1278,1278,1278,1278,1278,1278,1278,1278,1278,1278,1278,1278,1278,1278,1278,1278,1278,1278,1278,1278,1278,1278,1278,1278,1278,1278,1278,1278,1278,1278,1278,1278,1278,1278,1278,1278,1278,1278,1278,1278,1278,1278,1278,1278,970,58,58,193,50,63,50,63,50,63,50,58,57,53,1274,1278,1278,1278,1278,1278,971,74,54,57,53,57,606,292,152,50,54,54,58,1274,1278,1278,240,54,70,54
mypcap,10.102.3.68,63182,151.101.193.91,443,TCP,1733063215.441068,2,0.0,0.044201,,40,40
mypcap,10.102.3.68,63181,151.101.65.91,443,TCP,1733063215.441151,2,0.0,0.044906,,40,40
mypcap,151.101.193.91,443,10.102.3.68,63182,TCP,1733063215.485234,3,0.0,0.0,0.0,,40,64,40
mypcap,151.101.65.91,443,10.102.3.68,63181,TCP,1733063215.486032,3,0.0,0.0,0.0,,40,64,40
mypcap,10.102.3.68,63226,208.67.222.222,53,TCP,1733063215.670159,6,0.0,0.052882,0.05306,0.053084,0.106836,0.159548,,52,40,42,69,40,40
mypcap,10.102.3.68,63227,208.67.222.222,53,TCP,1733063215.670609,6,0.0,0.052494,0.052514,0.052555,0.105748,0.157916,,52,40,42,69,40,40
mypcap,10.102.3.68,63228,208.67.222.222,53,TCP,1733063215.680698,6,0.0,0.052827,0.052848,0.052882,0.106278,0.158844,,52,40,42,75,40,40
mypcap,10.102.3.68,63229,208.67.222.222,53,TCP,1733063215.681112,6,0.0,0.052363,0.05252,0.052543,0.109135,0.161603,,52,40,42,75,40,40
mypcap,208.67.222.222,53,10.102.3.68,63226,TCP,1733063215.722967,5,0.0,0.053144,0.053144,0.053144,0.106668,,52,40,40,199,40
mypcap,208.67.222.222,53,10.102.3.68,63227,TCP,1733063215.722967,5,0.0,0.053144,0.053144,0.053144,0.105516,,52,40,40,71,40
mypcap,208.67.222.222,53,10.102.3.68,63229,TCP,1733063215.73341,5,0.0,0.055525,0.055742,0.056576,0.109287,,52,40,40,77,40
mypcap,208.67.222.222,53,10.102.3.68,63228,TCP,1733063215.73341,5,0.0,0.053332,0.053332,0.053332,0.106097,,52,40,40,93,40
mypcap,10.102.3.68,65120,216.58.204.150,443,UDP,1733063215.777963,7,0.0,0.000229,0.165928,0.500929,1.15565,2.465609,4.011184,,1278,1278,1278,1278,1278,1278,1278
mypcap,10.102.3.68,63964,142.251.209.3,443,UDP,1733063215.791114,9,0.0,7.3e-05,0.054407,0.070956,0.072151,0.073512,0.073679,0.103478,0.125563,,1278,1278,1278,67,68,111,100,60,59
mypcap,142.251.209.3,443,10.102.3.68,63964,UDP,1733063215.843664,10,0.0,0.001337,0.001337,0.001337,0.018072,0.018072,0.018072,0.072462,0.072462,0.0999,,68,1278,1278,1278,1278,1278,1274,976,149,52
mypcap,10.102.3.68,63230,216.58.204.150,443,TCP,1733063215.863134,47,0.0,0.052736,0.053286,0.053286,0.124816,0.125343,0.125547,0.125689,0.177917,0.178229,0.178272,2.139512,2.141579,2.195303,2.196559,2.201292,2.202146,2.204287,2.208132,2.209601,2.212772,2.215026,2.217381,2.220649,2.247148,2.249244,2.251474,2.251866,2.253669,2.255948,2.257037,2.259544,2.262203,2.264358,2.267625,2.26985,2.312226,2.839207,2.839261,2.839454,2.849065,2.849367,2.945933,2.946847,2.947456,9.588551,9.640508,,52,40,1420,413,40,114,132,860,40,71,79,280,209,40,40,40,40,40,40,40,40,40,40,40,40,40,40,79,40,40,40,40,40,40,40,40,40,208,209,208,76,76,75,75,75,40,40
mypcap,216.58.204.150,443,10.102.3.68,63230,TCP,1733063215.915814,65,0.0,0.053165,0.053165,0.072074,0.072074,0.072074,0.072074,0.072074,0.125189,0.125189,0.178521,2.141146,2.14258,2.14258,2.14258,2.143821,2.143821,2.148564,2.148564,2.149435,2.149435,2.151547,2.151547,2.155408,2.155408,2.156883,2.156883,2.160053,2.160053,2.162289,2.162289,2.164662,2.164662,2.167927,2.194427,2.194427,2.196528,2.196528,2.198748,2.198748,2.200922,2.200922,2.203229,2.204304,2.2068,2.2068,2.209466,2.209466,2.211607,2.211607,2.214886,2.214886,2.217125,2.217125,2.219191,2.255816,2.838186,2.838186,2.838186,2.849008,2.849008,2.945939,2.945939,2.947052,9.587749,,52,40,40,1420,1420,1420,1420,330,992,205,40,40,404,1420,1420,1420,1420,1420,1420,1420,1420,1420,1420,1420,1420,1420,1420,1420,1420,1420,1420,1420,1420,1420,1420,1420,1420,1420,1420,1420,1420,1420,1420,1420,1420,1420,1420,1420,1420,1420,1420,1420,1420,1420,1298,40,40,40,40,40,40,40,40,40,40
mypcap,10.102.3.68,63231,208.67.222.222,53,TCP,1733063217.603089,6,0.0,0.052928,0.0532,0.053222,0.122296,0.175281,,52,40,42,91,40,40
mypcap,10.102.3.68,63232,208.67.222.222,53,TCP,1733063217.603419,6,0.0,0.052644,0.052781,0.052821,0.105773,0.157995,,52,40,42,91,40,40
mypcap,208.67.222.222,53,10.102.3.68,63231,TCP,1733063217.655948,5,0.0,0.053095,0.053095,0.068895,0.122307,,52,40,40,139,40
mypcap,208.67.222.222,53,10.102.3.68,63232,TCP,1733063217.655948,5,0.0,0.053095,0.053095,0.053095,0.105417,,52,40,40,93,40
mypcap,10.102.3.68,61659,172.217.131.41,443,UDP,1733063217.726432,20,0.0,0.000141,0.180499,0.180883,0.182418,0.1826,0.182938,0.182987,0.183149,0.358858,0.360331,0.360449,0.386138,0.987283,0.987756,1.081968,1.083048,1.16468,1.164792,1.260347,,1278,1278,67,67,111,101,1274,366,819,60,63,63,60,103,103,68,68,59,59,59
mypcap,172.217.131.41,443,10.102.3.68,61659,UDP,1733063217.904716,21,0.0,0.000342,0.001724,0.001724,0.001724,0.001724,0.180259,0.180259,0.181654,0.181654,0.181654,0.181654,0.181654,0.181654,0.359244,0.986156,0.986214,0.986214,0.986214,1.080581,1.081737,,68,1278,1278,1278,1278,1272,558,145,51,56,468,49,66,49,51,105,49,76,49,56,56
mypcap,10.102.3.68,63233,208.67.222.222,53,TCP,1733063218.003667,6,0.0,0.052224,0.052366,0.052411,0.105236,0.157381,,52,40,42,71,40,40
mypcap,10.102.3.68,63234,208.67.222.222,53,TCP,1733063218.004119,6,0.0,0.05295,0.053135,0.053183,0.106708,0.158967,,52,40,42,71,40,40
mypcap,208.67.222.222,53,10.102.3.68,63233,TCP,1733063218.055805,5,0.0,0.052877,0.052877,0.052877,0.1052,,52,40,40,134,40
mypcap,208.67.222.222,53,10.102.3.68,63234,TCP,1733063218.05696,5,0.0,0.051922,0.051922,0.053281,0.106057,,52,40,40,73,40
mypcap,10.102.3.68,50294,142.251.209.1,443,UDP,1733063218.111351,7,0.0,6.4e-05,0.16475,0.494817,1.143262,2.428402,4.010135,,1278,1278,1278,1278,1278,1278,1278
mypcap,10.102.3.68,63235,142.251.209.1,443,TCP,1733063218.194812,26,0.0,0.052902,0.053407,0.053407,0.123783,0.124438,0.124604,0.124743,0.176388,0.177533,0.179882,0.180021,0.506061,0.507169,0.507266,0.517841,0.517926,0.560798,0.566005,0.566705,0.570137,0.58075,0.58111,0.585608,7.257017,7.310151,,52,40,1420,383,40,114,132,940,71,40,40,79,184,166,181,76,76,40,40,79,40,40,40,40,40,40
mypcap,142.251.209.1,443,10.102.3.68,63235,TCP,1733063218.247655,39,0.0,0.05247,0.05247,0.070873,0.070873,0.070873,0.070873,0.070873,0.070873,0.070873,0.070873,0.123228,0.123406,0.124656,0.124656,0.125786,0.126997,0.178917,0.183739,0.505239,0.506345,0.506345,0.507863,0.507863,0.509658,0.512998,0.512998,0.512998,0.512998,0.517167,0.517167,0.517167,0.52782,0.52782,0.528228,0.532686,0.532686,0.570447,7.257215,,52,40,40,1420,1420,1420,1420,1420,1420,1420,825,996,40,368,1420,784,79,40,40,40,40,40,144,1420,1215,223,1420,1420,1420,1420,406,40,138,1420,1420,984,71,40,40
mypcap,10.102.3.68,63236,143.244.210.202,443,TCP,1733063218.940115,19,0.0,0.211402,0.211911,0.211911,0.423868,0.636844,0.638436,0.638618,0.638783,0.638835,0.848762,0.849165,0.906234,5.668146,5.668236,5.893447,5.894272,6.511489,6.728387,,52,40,1420,481,707,40,114,132,440,309,40,71,40,155,309,40,75,40,40
mypcap,143.244.210.202,443,10.102.3.68,63236,TCP,1733063219.151457,22,0.0,0.211664,0.211664,0.211664,0.422895,0.425442,0.425442,0.425442,0.637367,0.637367,0.637367,0.637367,0.637367,0.637367,0.649443,0.848387,5.667365,5.667365,5.669415,5.682065,5.93466,6.517002,,52,40,40,139,40,1420,1420,110,40,40,40,40,269,75,511,40,40,40,75,510,40,40
mypcap,10.102.3.68,63237,208.67.222.222,53,TCP,1733063222.949004,6,0.0,0.053816,0.054109,0.054133,0.115904,0.168933,,52,40,42,68,40,40
mypcap,10.102.3.68,63238,208.67.222.222,53,TCP,1733063222.949325,6,0.0,0.053541,0.053694,0.053734,0.105855,0.15842,,52,40,42,68,40,40
mypcap,208.67.222.222,53,10.102.3.68,63237,TCP,1733063223.002748,5,0.0,0.052383,0.052383,0.061754,0.115159,,52,40,40,86,40
mypcap,208.67.222.222,53,10.102.3.68,63238,TCP,1733063223.002748,5,0.0,0.05219,0.05219,0.05219,0.104956,,52,40,40,70,40
mypcap,10.102.3.68,63239,208.67.220.220,53,TCP,1733063223.061125,1,0.0,,52
mypcap,10.102.3.68,63240,20.217.135.5,443,TCP,1733063223.065252,42,0.0,0.101014,0.101417,0.101417,0.203434,0.204043,0.204206,0.20436,0.20436,0.304907,0.305073,0.920148,0.920425,1.021964,1.022699,1.024304,1.124197,1.283578,1.286555,1.286656,1.286947,1.287021,1.290386,1.30705,1.316507,1.35324,1.506212,1.506788,1.50899,1.509153,1.509208,1.511258,1.51214,1.512427,1.512542,1.543019,1.55904,1.563591,1.568798,1.57091,2.386643,2.487264,,52,40,1420,523,40,104,132,1420,373,40,71,40,40,40,40,40,40,787,378,129,138,155,860,154,168,167,75,75,75,75,75,75,75,75,75,40,40,40,40,40,40,40
mypcap,208.67.220.220,53,10.102.3.68,63239,TCP,1733063223.113759,3,0.0,1.016867,3.02814,,52,52,52
mypcap,10.102.3.68,63241,20.217.135.5,443,TCP,1733063223.153715,9,0.0,0.101582,0.102099,0.102099,0.203016,0.20368,0.304377,2.297626,2.397681,,52,40,1420,523,40,104,40,40,40
mypcap,10.102.3.68,63242,185.199.111.154,443,TCP,1733063223.154288,7,0.0,0.045524,0.046267,0.046267,0.091671,2.297099,2.342096,,52,40,1420,680,104,40,40
mypcap,20.217.135.5,443,10.102.3.68,63240,TCP,1733063223.1662,88,0.0,0.102431,0.102431,0.102431,0.102431,0.203906,0.203906,0.203906,0.203906,0.346707,0.819141,0.819141,0.819141,0.819141,0.819141,0.819141,0.819141,0.819141,0.819141,0.819451,0.92092,0.92092,0.92092,0.92092,0.92092,0.92092,0.92092,0.92092,0.92092,0.92092,0.921688,0.921688,0.921688,0.921688,0.923267,0.923267,0.923267,0.923267,0.923267,0.923267,1.022181,1.023177,1.023177,1.023177,1.282766,1.285423,1.285423,1.285617,1.285617,1.289106,1.305702,1.315088,1.351943,1.441996,1.441996,1.441996,1.441996,1.441996,1.441996,1.441996,1.441996,1.458037,1.458037,1.458037,1.458037,1.462525,1.462525,1.462525,1.462525,1.467812,1.467812,1.467812,1.467812,1.469935,1.469935,1.469935,1.469935,1.505711,1.505711,1.50806,1.508085,1.508085,1.510196,1.510409,1.511349,1.511349,2.386273,2.386273,,52,40,1420,1420,771,119,119,104,40,40,1420,1420,1420,1420,1420,1420,1420,1420,1420,1420,1420,1420,1420,1420,1420,1420,1420,1420,1420,1420,1420,1420,1420,1420,1420,1420,1420,1420,1420,1420,1420,1420,1420,759,40,40,40,40,40,40,40,40,40,1420,1420,1420,1420,795,1420,1071,71,1420,1420,1420,535,1420,1420,1420,458,1420,1420,1420,447,1420,1420,1420,466,40,40,40,40,40,40,40,40,40,64,40
mypcap,185.199.111.154,443,10.102.3.68,63242,TCP,1733063223.199672,8,0.0,0.045834,0.045834,0.045834,0.091246,2.296579,2.296579,2.296579,,52,40,40,493,40,40,64,40
mypcap,20.217.135.5,443,10.102.3.68,63241,TCP,1733063223.255236,9,0.0,0.101435,0.101435,0.101435,0.101435,0.202809,0.202809,2.296112,2.296112,,52,40,1420,1420,772,119,119,64,40
mypcap,34.120.52.64,443,10.102.3.68,61921,TCP,1733063223.3363,2,0.0,0.059744,,67,40
mypcap,10.102.3.68,61921,34.120.52.64,443,TCP,1733063223.344452,1,0.0,,71
mypcap,10.102.3.68,63243,185.199.111.154,443,TCP,1733063224.025338,7,0.0,0.045222,0.045784,0.045784,0.092173,1.426096,1.471025,,52,40,1420,648,104,40,40
mypcap,10.102.3.68,63244,185.199.110.133,443,TCP,1733063224.027015,2,0.0,0.99995,,52,52
mypcap,185.199.111.154,443,10.102.3.68,63243,TCP,1733063224.070474,8,0.0,0.046404,0.046404,0.046404,0.0918,1.425777,1.425777,1.425777,,52,40,40,493,40,40,64,40
mypcap,10.102.3.68,63245,208.67.222.222,53,TCP,1733063224.07308,6,0.0,0.052413,0.060637,0.060674,0.1147,0.16663,,52,40,42,87,40,40
mypcap,10.102.3.68,63246,208.67.222.222,53,TCP,1733063224.073324,6,0.0,0.052237,0.060211,0.060301,0.113018,0.165034,,52,40,42,87,40,40
mypcap,208.67.222.222,53,10.102.3.68,63245,TCP,1733063224.125392,5,0.0,0.060581,0.060581,0.062047,0.114269,,52,40,40,267,40
mypcap,208.67.222.222,53,10.102.3.68,63246,TCP,1733063224.125392,5,0.0,0.060581,0.060581,0.060749,0.112921,,52,40,40,89,40
mypcap,10.102.3.68,63247,208.67.220.220,53,TCP,1733063224.184412,1,0.0,,52
mypcap,10.102.3.68,63248,208.67.220.220,53,TCP,1733063224.184989,1,0.0,,52
mypcap,208.67.220.220,53,10.102.3.68,63247,TCP,1733063224.237291,2,0.0,1.027513,,52,52
mypcap,208.67.220.220,53,10.102.3.68,63248,TCP,1733063224.237291,2,0.0,1.004809,,52,52
mypcap,10.102.3.68,63249,185.199.110.133,443,TCP,1733063224.493232,8,0.0,0.045339,0.046017,0.046017,0.093594,0.094069,0.958053,1.017195,,52,40,1420,495,40,104,40,40
mypcap,10.102.3.68,63250,185.199.110.133,443,TCP,1733063224.493587,7,0.0,0.045035,0.045343,0.045343,0.091781,0.957548,1.002715,,52,40,1420,718,104,40,40
mypcap,185.199.110.133,443,10.102.3.68,63249,TCP,1733063224.538497,11,0.0,0.045141,0.045141,0.048252,0.048252,0.048252,0.048252,0.092822,0.967723,0.971894,0.971894,,52,40,40,1420,1420,1420,233,40,40,64,40
mypcap,185.199.110.133,443,10.102.3.68,63250,TCP,1733063224.538497,7,0.0,0.045141,0.046287,0.090728,0.957754,0.957754,0.957754,,52,40,493,40,40,64,40
mypcap,10.102.3.68,63251,208.67.222.222,53,TCP,1733063224.578712,1,0.0,,52
mypcap,10.102.3.68,63252,208.67.222.222,53,TCP,1733063224.579362,6,0.0,0.052025,0.052103,0.052143,0.10507,0.157726,,52,40,42,72,40,40
mypcap,208.67.222.222,53,10.102.3.68,63252,TCP,1733063224.631319,5,0.0,0.052739,0.052739,0.052739,0.10573,,52,40,40,74,40
mypcap,10.102.3.68,63253,208.67.220.220,53,TCP,1733063224.69389,6,0.0,0.052514,0.052722,0.052762,0.114132,0.16574,,52,40,42,72,40,40
mypcap,208.67.220.220,53,10.102.3.68,63253,TCP,1733063224.746346,5,0.0,0.052932,0.052932,0.061354,0.113236,,52,40,40,90,40
mypcap,10.102.3.68,62450,208.67.222.222,53,UDP,1733063224.762505,1,0.0,,68
mypcap,10.102.3.68,63254,20.217.135.0,443,TCP,1733063224.808562,15,0.0,0.100797,0.101252,0.101252,0.202633,0.203199,0.203329,0.203471,0.203513,0.203513,0.303239,0.303484,0.507281,0.643192,0.742895,,52,40,1420,495,40,104,132,837,1420,205,40,71,40,40,40
mypcap,208.67.222.222,53,10.102.3.68,62450,UDP,1733063224.816048,1,0.0,,84
mypcap,10.102.3.68,63256,146.112.61.107,8081,TCP,1733063224.816542,2,0.0,1.000588,,52,52
mypcap,10.102.3.68,63255,146.112.61.107,8081,TCP,1733063224.816542,2,0.0,1.000609,,52,52
mypcap,34.120.52.64,443,10.102.3.68,61914,TCP,1733063224.892082,2,0.0,0.052528,,67,40
mypcap,10.102.3.68,61914,34.120.52.64,443,TCP,1733063224.892874,1,0.0,,71
mypcap,20.217.135.0,443,10.102.3.68,63254,TCP,1733063224.909262,14,0.0,0.101227,0.101897,0.101897,0.101897,0.202481,0.202481,0.202481,0.202481,0.202481,0.202481,0.343564,0.642086,0.642086,,52,40,1420,1420,771,119,119,104,40,40,88,1010,64,40
